Section,Lesson,Numbering,Duration,Is Done
Section 1: Course Introduction,Welcome and motivation!,1,2min,true
Section 1: Course Introduction,How to make best use of this course,2,7min,true
Section 1: Course Introduction,Aligning expectations,3,4min,true
Section 1: Course Introduction,Let's Stay Connected,4,1min,true
Section 1: Course Introduction,Course resources,5,1min,true
Section 1: Course Introduction,UPDATE - Quizzes and Role Play,6,1min,true
Section 2: [Docker] Introduction to Containers,Section Introduction,7,1min,true
Section 2: [Docker] Introduction to Containers,Why Using Containers?,8,8min,true
Section 2: [Docker] Introduction to Containers,Containers and Virtual Machines (VMs),9,6min,true
Section 2: [Docker] Introduction to Containers,Docker Architecture and Components,10,7min,true
Section 2: [Docker] Introduction to Containers,"Quiz 1: Docker Fundamentals: Containers, VMs, and Core Components",11,0min,true
Section 2: [Docker] Introduction to Containers,Role Play 1: Whiteboarding the Docker Architecture for a New Team Member,12,0min,true
Section 3: [Docker] Installing Docker and Necessary Tools,Section Introduction,13,1min,true
Section 3: [Docker] Installing Docker and Necessary Tools,[MacOS Users] Installing Docker on MacOS,14,2min,true
Section 3: [Docker] Installing Docker and Necessary Tools,[Linux Users] Installing Docker on Linux,15,5min,true
Section 3: [Docker] Installing Docker and Necessary Tools,[Linux Users] Running Docker without Sudo,16,2min,true
Section 3: [Docker] Installing Docker and Necessary Tools,[Windows Users] Note about enabling the WSL Windows feature,17,1min,true
Section 3: [Docker] Installing Docker and Necessary Tools,[Windows Users] Installing Windows Subsystem for Linux (WSL),18,4min,true
Section 3: [Docker] Installing Docker and Necessary Tools,[Windows Users] Windows Subsystem for Linux Features,19,6min,true
Section 3: [Docker] Installing Docker and Necessary Tools,[Windows Users] Installing Docker in Windows,20,2min,true
Section 3: [Docker] Installing Docker and Necessary Tools,[Windows Users] Using Docker in Windows Subsystem for Linux (WSL),21,2min,true
Section 3: [Docker] Installing Docker and Necessary Tools,Exploring Play with Docker,22,3min,true
Section 3: [Docker] Installing Docker and Necessary Tools,Installing NodeJS,23,1min,true
Section 3: [Docker] Installing Docker and Necessary Tools,Installing Postman,24,3min,true
Section 3: [Docker] Installing Docker and Necessary Tools,Installing Visual Studio Code,25,2min,true
Section 4: [Docker] Running Containers with Docker,Section Introduction,26,1min,true
Section 4: [Docker] Running Containers with Docker,Hands-On: Running Your First Container,27,8min,true
Section 4: [Docker] Running Containers with Docker,The Container Lifecycle,28,7min,true
Section 4: [Docker] Running Containers with Docker,Hands-On: Working with the Docker CLI - Part 1,29,12min,true
Section 4: [Docker] Running Containers with Docker,Hands-On: Working with the Docker CLI - Part 2,30,10min,true
Section 4: [Docker] Running Containers with Docker,Role Play 2: Explaining the Container Lifecycle,31,0min,true
Section 4: [Docker] Running Containers with Docker,Hands-On: Getting Help in the Docker CLI,32,4min,true
Section 4: [Docker] Running Containers with Docker,Quiz 2: Running Containers with the Docker CLI,33,0min,true
Section 5: [Docker] Project - Customizing NGINX Containers,Project Overview,34,2min,true
Section 5: [Docker] Project - Customizing NGINX Containers,Running NGINX Containers,35,3min,true
Section 5: [Docker] Project - Customizing NGINX Containers,Modifying the Contents of Our NGINX Container,36,6min,true
Section 5: [Docker] Project - Customizing NGINX Containers,Project Conclusion,37,2min,true
Section 6: [Docker] Introduction to Docker Images,Section Introduction,38,1min,true
Section 6: [Docker] Introduction to Docker Images,What Are Docker Images?,39,6min,true
Section 6: [Docker] Introduction to Docker Images,Container Registries,40,8min,true
Section 6: [Docker] Introduction to Docker Images,Hands-On: Introduction to DockerHub,41,4min,true
Section 6: [Docker] Introduction to Docker Images,Hands-On: Logging Into DockerHub in the Docker CLI,42,5min,true
Section 6: [Docker] Introduction to Docker Images,"Quiz 3: Docker Images, Registries, and Tags",43,0min,true
Section 6: [Docker] Introduction to Docker Images,Role Play 3: Advocating for Pinned Image Versions,44,0min,true
Section 6: [Docker] Introduction to Docker Images,Hands-On: Managing Images with the Docker CLI,45,8min,true
Section 6: [Docker] Introduction to Docker Images,Introduction to Dockerfiles,46,7min,true
Section 6: [Docker] Introduction to Docker Images,Hands-On: Creating Our First Dockerfile for Nginx,47,8min,true
Section 6: [Docker] Introduction to Docker Images,Hands-On: Copying Local Files Into Our Image,48,8min,true
Section 6: [Docker] Introduction to Docker Images,Hands-On: Images vs. Containers,49,11min,true
Section 6: [Docker] Introduction to Docker Images,Quiz 4: Building Images and the Image vs. Container Relationship,50,0min,true
Section 6: [Docker] Introduction to Docker Images,Role Play 4: Troubleshooting Unchanged Containers,51,0min,true
Section 7: [Docker] Project - Containerize an Express App,Project Introduction,52,1min,true
Section 7: [Docker] Project - Containerize an Express App,Create a Hello World Express App,53,8min,true
Section 7: [Docker] Project - Containerize an Express App,Save and Return Users in Memory,54,5min,true
Section 7: [Docker] Project - Containerize an Express App,Test Users App,55,3min,true
Section 7: [Docker] Project - Containerize an Express App,Dockerize Our Express App,56,9min,true
Section 7: [Docker] Project - Containerize an Express App,Explore Interacting with Containers + Project Cleanup,57,6min,true
Section 8: [Docker] Images Deep Dive,Section Introduction,58,2min,true
Section 8: [Docker] Images Deep Dive,Hands-On: Docker's Layered Architecture,59,7min,true
Section 8: [Docker] Images Deep Dive,Hands-On: Build Contexts,60,9min,true
Section 8: [Docker] Images Deep Dive,Hands-On: Skipping files with Dockerignore,61,8min,true
Section 8: [Docker] Images Deep Dive,Quiz 5: Understanding the Build Process and Layered Architecture,62,0min,false
Section 8: [Docker] Images Deep Dive,Role Play 5: Explaining the Build Context and .dockerignore,63,0min,true
Section 8: [Docker] Images Deep Dive,Hands-On: Introduction to Environment Variables,64,11min,true
Section 8: [Docker] Images Deep Dive,Hands-On: Setting Environment Variables via the CLI,65,8min,true
Section 8: [Docker] Images Deep Dive,Hands-On: Setting Environment Variables via Files,66,7min,true
Section 8: [Docker] Images Deep Dive,Hands-On: CMD vs. ENTRYPOINT,67,11min,true
Section 8: [Docker] Images Deep Dive,"Quiz 6: Configuring Containers: Environment Variables, CMD & ENTRYPOINT",68,0min,true
Section 8: [Docker] Images Deep Dive,Introduction to Distroless Images,69,4min,true
Section 8: [Docker] Images Deep Dive,Hands-On: Motivation to Multistage Dockerfiles,70,8min,true
Section 8: [Docker] Images Deep Dive,Hands-On: Multistage Dockerfiles and Distroless Images,71,9min,true
Section 8: [Docker] Images Deep Dive,Role Play 6: Justifying a Multi-Stage Build for Security,72,0min,true
Section 8: [Docker] Images Deep Dive,Hands-On: Adding Typescript to Our Express App,73,11min,true
Section 8: [Docker] Images Deep Dive,Hands-On: Update Dockerfile to Transpile Typescript Code,74,10min,true
Section 8: [Docker] Images Deep Dive,Hands-On: Optimizing Images - The Role of Base Images,75,18min,true
Section 8: [Docker] Images Deep Dive,Hands-On: Optimizing Images - The Role of Instruction Order,76,8min,true
Section 8: [Docker] Images Deep Dive,Hands-On: Optimizing Images - The Role of Dependencies,77,11min,true
Section 8: [Docker] Images Deep Dive,Hands-On: Revisiting and Optimizing Our Typescript Dockerfile,78,9min,true
Section 8: [Docker] Images Deep Dive,Quiz 7: Advanced Optimization with Multi-Stage Builds,79,0min,true
Section 8: [Docker] Images Deep Dive,Role Play 7: Mentoring on Dockerfile Layer Caching,80,0min,true
Section 9: [Docker] Project - Containerize React App,Project Introduction,81,1min,true
Section 9: [Docker] Project - Containerize React App,IMPORTANT! What to do if you face an error with create-react-app,82,3min,true
Section 9: [Docker] Project - Containerize React App,Initializing the React App,83,6min,true
Section 9: [Docker] Project - Containerize React App,Build and Serve the React App,84,4min,true
Section 9: [Docker] Project - Containerize React App,Create a Dockerfile for Our React App - Part 1,85,8min,true
Section 9: [Docker] Project - Containerize React App,Create a Dockerfile for Our React App - Part 2,86,8min,true
Section 10: [Docker] Volumes and Data Persistence,Section Introduction,87,1min,true
Section 10: [Docker] Volumes and Data Persistence,Hands-On: Why Do We Need Volumes?,88,4min,true
Section 10: [Docker] Volumes and Data Persistence,Introduction to Volumes,89,3min,true
Section 10: [Docker] Volumes and Data Persistence,IMPORTANT! Hot reloading fix,90,1min,true
Section 10: [Docker] Volumes and Data Persistence,Hands-On: Bind Mounts,91,11min,true
Section 10: [Docker] Volumes and Data Persistence,Quiz 8: Data Persistence and Bind Mounts for Development,92,0min,true
Section 10: [Docker] Volumes and Data Persistence,"Role Play 8: Solving the ""Slow Development"" Problem",93,0min,true
Section 10: [Docker] Volumes and Data Persistence,Hands-On: Named Volumes,94,10min,true
Section 10: [Docker] Volumes and Data Persistence,Hands-On: Managing Volumes with the CLI,95,7min,true
Section 10: [Docker] Volumes and Data Persistence,Quiz 9: Named Volumes and CLI Management,96,0min,true
Section 10: [Docker] Volumes and Data Persistence,Role Play 9: Recommending a Volume Strategy,97,0min,true
"Section 11: [Docker] Advanced Topics - Resource Management, Restart Policies, and Networking",Section Introduction,98,1min,false
"Section 11: [Docker] Advanced Topics - Resource Management, Restart Policies, and Networking",Hands-On: Setting CPU Limits for Containers,99,11min,false
"Section 11: [Docker] Advanced Topics - Resource Management, Restart Policies, and Networking",Hands-On: Setting Memory Limits for Containers,100,11min,false
"Section 11: [Docker] Advanced Topics - Resource Management, Restart Policies, and Networking",Quiz 10: Managing Container Resources: CPU and Memory,101,0min,false
"Section 11: [Docker] Advanced Topics - Resource Management, Restart Policies, and Networking","Role Play 10: Solving the ""Noisy Neighbor"" Problem",102,0min,true
"Section 11: [Docker] Advanced Topics - Resource Management, Restart Policies, and Networking",Hands-On: Restart Policies,103,10min,false
"Section 11: [Docker] Advanced Topics - Resource Management, Restart Policies, and Networking",Introduction to Networking in Docker,104,4min,false
"Section 11: [Docker] Advanced Topics - Resource Management, Restart Policies, and Networking",Hands-On: The Default Bridge Network,105,6min,false
"Section 11: [Docker] Advanced Topics - Resource Management, Restart Policies, and Networking",Hands-On: User-Defined Networks,106,8min,false
"Section 11: [Docker] Advanced Topics - Resource Management, Restart Policies, and Networking",Hands-On: The Host Network,107,5min,false
"Section 11: [Docker] Advanced Topics - Resource Management, Restart Policies, and Networking",Quiz 11: Docker Networking: Isolation and Communication,108,0min,false
"Section 11: [Docker] Advanced Topics - Resource Management, Restart Policies, and Networking",Role Play 11: Fixing a Brittle Container Connection,109,0min,true
Section 12: [Docker] Project - Code and Deploy a Key-Value App with Data Persistence,Project Introduction,110,3min,false
Section 12: [Docker] Project - Code and Deploy a Key-Value App with Data Persistence,Running a MongoDB Server,111,7min,false
Section 12: [Docker] Project - Code and Deploy a Key-Value App with Data Persistence,Adding Root Credentials to MongoDB,112,9min,false
Section 12: [Docker] Project - Code and Deploy a Key-Value App with Data Persistence,Adding Credentials for the Key-Value Database,113,7min,false
Section 12: [Docker] Project - Code and Deploy a Key-Value App with Data Persistence,"Defining Ports, Volumes, and Networks",114,12min,false
Section 12: [Docker] Project - Code and Deploy a Key-Value App with Data Persistence,Improving the Structure of Our Utility Scripts,115,16min,false
Section 12: [Docker] Project - Code and Deploy a Key-Value App with Data Persistence,Setting Up the Express App,116,11min,false
Section 12: [Docker] Project - Code and Deploy a Key-Value App with Data Persistence,Dockerizing the Express App,117,4min,false
Section 12: [Docker] Project - Code and Deploy a Key-Value App with Data Persistence,Create Scripts to Initialize the Backend Container,118,11min,false
Section 12: [Docker] Project - Code and Deploy a Key-Value App with Data Persistence,Adding Hot Reloading with Nodemon,119,5min,false
Section 12: [Docker] Project - Code and Deploy a Key-Value App with Data Persistence,Defining the API Routes,120,8min,false
Section 12: [Docker] Project - Code and Deploy a Key-Value App with Data Persistence,Creating and Getting Key-Value Pairs,121,11min,false
Section 12: [Docker] Project - Code and Deploy a Key-Value App with Data Persistence,Updating and Deleting Key-Value Pairs,122,7min,false
Section 12: [Docker] Project - Code and Deploy a Key-Value App with Data Persistence,Testing the Application and Final Cleanup,123,4min,false
Section 13: [Docker] Docker Compose,Section Introduction,124,1min,false
Section 13: [Docker] Docker Compose,Docker Compose Overview,125,7min,false
Section 13: [Docker] Docker Compose,Docker-Compose vs. Compose CLI Commands,126,2min,false
Section 13: [Docker] Docker Compose,Role Play 12: Advocating for Docker Compose,127,0min,true
Section 13: [Docker] Docker Compose,Hands-On: Run MongoDB with Docker Compose,128,7min,false
Section 13: [Docker] Docker Compose,Hands-On: Environment Variables in Docker Compose,129,4min,false
Section 13: [Docker] Docker Compose,Quiz 12: Introduction to Docker Compose Services and Configuration,130,0min,false
Section 13: [Docker] Docker Compose,Hands-On: Bind Mounts in Docker Compose,131,7min,false
Section 13: [Docker] Docker Compose,Hands-On: Volumes and Networks in Docker Compose,132,5min,false
Section 13: [Docker] Docker Compose,Hands-On: Adding a Backend Service to Our Docker Compose File,133,3min,false
Section 13: [Docker] Docker Compose,Hands-On: Service Dependencies in Docker Compose,134,4min,false
Section 13: [Docker] Docker Compose,"Quiz 13: Managing Data, Networks, and Dependencies in Compose",135,0min,false
Section 13: [Docker] Docker Compose,Role Play 13: Solving a Race Condition within Docker Compose,136,0min,true
Section 13: [Docker] Docker Compose,Hands-On: Hot Reloading and Watching for Changes,137,6min,false
Section 13: [Docker] Docker Compose,Hands-On: Docker Compose CLI,138,11min,false
Section 13: [Docker] Docker Compose,Hands-On: Getting Help with Docker Compose CLI,139,3min,false
Section 14: [Docker] Project - Code and Deploy a Notes App with Docker Compose,Project Introduction,140,5min,false
Section 14: [Docker] Project - Code and Deploy a Notes App with Docker Compose,Setup NPM Projects,141,7min,false
Section 14: [Docker] Project - Code and Deploy a Notes App with Docker Compose,Dockerize the Notebooks Backend,142,5min,false
Section 14: [Docker] Project - Code and Deploy a Notes App with Docker Compose,Setup Docker Compose for Notebooks Services,143,12min,false
Section 14: [Docker] Project - Code and Deploy a Notes App with Docker Compose,Setup Docker Compose for Notes Services,144,8min,false
Section 14: [Docker] Project - Code and Deploy a Notes App with Docker Compose,Use Multistage Builds for Our Images,145,12min,false
Section 14: [Docker] Project - Code and Deploy a Notes App with Docker Compose,Merging Multiple Projects in Docker Compose,146,5min,false
Section 14: [Docker] Project - Code and Deploy a Notes App with Docker Compose,Implement the NGINX Reverse Proxy,147,9min,false
Section 14: [Docker] Project - Code and Deploy a Notes App with Docker Compose,Establish the Connections between Services,148,8min,false
Section 14: [Docker] Project - Code and Deploy a Notes App with Docker Compose,Setup Models and Routes for the Notebooks Service,149,6min,false
Section 14: [Docker] Project - Code and Deploy a Notes App with Docker Compose,Implement Routes to Create and Retrieve Notebooks,150,7min,false
Section 14: [Docker] Project - Code and Deploy a Notes App with Docker Compose,Implement Routes to Update and Delete Notebooks,151,9min,false
Section 14: [Docker] Project - Code and Deploy a Notes App with Docker Compose,Code Refactorings,152,8min,false
Section 14: [Docker] Project - Code and Deploy a Notes App with Docker Compose,Implement Routes and Business Logic in the Notes Backend,153,9min,false
Section 14: [Docker] Project - Code and Deploy a Notes App with Docker Compose,Storing Notebook IDs in the Notes Service - Part 1,154,8min,false
Section 14: [Docker] Project - Code and Deploy a Notes App with Docker Compose,Storing Notebook IDs in the Notes Service - Part 2,155,10min,false
Section 14: [Docker] Project - Code and Deploy a Notes App with Docker Compose,Storing Notebook IDs in the Notes Service - Part 3,156,5min,false
Section 15: [Kubernetes] 10.000-Foot Overview,Section Introduction,157,1min,false
Section 15: [Kubernetes] 10.000-Foot Overview,Why Use Kubernetes?,158,6min,false
Section 15: [Kubernetes] 10.000-Foot Overview,What Is Kubernetes?,159,4min,false
Section 15: [Kubernetes] 10.000-Foot Overview,Kubernetes Architecture,160,4min,false
Section 15: [Kubernetes] 10.000-Foot Overview,Quiz 14: Introduction to Kubernetes Concepts and Architecture,161,0min,false
Section 15: [Kubernetes] 10.000-Foot Overview,"Role Play 14: The ""Brain vs. Muscle"" Analogy for K8s Architecture",162,0min,true
Section 15: [Kubernetes] 10.000-Foot Overview,The Control Plane,163,8min,false
Section 15: [Kubernetes] 10.000-Foot Overview,The Data Plane,164,4min,false
Section 15: [Kubernetes] 10.000-Foot Overview,The kubectl CLI,165,3min,false
Section 15: [Kubernetes] 10.000-Foot Overview,Quiz 15: Kubernetes Components and the kubectl CLI,166,0min,false
Section 15: [Kubernetes] 10.000-Foot Overview,"Role Play 15: Explaining ""Smarter"" Self-Healing",167,0min,true
Section 16: [Kubernetes] Installing Tools,[MacOS Users] Installing Kubectl in MacOS,168,5min,false
Section 16: [Kubernetes] Installing Tools,[MacOS Users] Installing Minikube in MacOS,169,6min,false
Section 16: [Kubernetes] Installing Tools,[Linux Users] Installing Kubectl in Linux,170,4min,false
Section 16: [Kubernetes] Installing Tools,[Linux Users] Installing Minikube in Linux,171,4min,false
Section 16: [Kubernetes] Installing Tools,[Windows Users] Installing Kubectl in Windows Subsystem for Linux (WSL),172,4min,false
Section 16: [Kubernetes] Installing Tools,[Windows Users] Installing Minikube in Windows Subsystem for Linux (WSL),173,4min,false
Section 17: [Kubernetes] Running Containers in Kubernetes,Section Introduction,174,1min,false
Section 17: [Kubernetes] Running Containers in Kubernetes,Introduction to Pods,175,4min,false
Section 17: [Kubernetes] Running Containers in Kubernetes,The Pod Lifecycle,176,8min,false
Section 17: [Kubernetes] Running Containers in Kubernetes,Quiz 16: Understanding Kubernetes Pods and Their Lifecycle,177,0min,false
Section 17: [Kubernetes] Running Containers in Kubernetes,Hands-On: Creating Pods with Kubectl,178,4min,false
Section 17: [Kubernetes] Running Containers in Kubernetes,Hands-On: Managing Pods with Kubectl,179,8min,false
Section 17: [Kubernetes] Running Containers in Kubernetes,Hands-On: Exposing Pods via Services,180,6min,false
Section 17: [Kubernetes] Running Containers in Kubernetes,Role Play 16: Fixing an Unreliable Pod Connection,181,0min,true
Section 17: [Kubernetes] Running Containers in Kubernetes,Hands-On: Color API - Implement v1.0.0,182,7min,false
Section 17: [Kubernetes] Running Containers in Kubernetes,Hands-On: From Dockerfiles to Pods,183,8min,false
Section 17: [Kubernetes] Running Containers in Kubernetes,Quiz 17: Managing Pods and Services with kubectl,184,0min,false
Section 17: [Kubernetes] Running Containers in Kubernetes,Role Play 17: Explaining the Code-to-Cluster Workflow,185,0min,true
Section 18: [Kubernetes] Object Management and YAML Manifests,Section Introduction,186,2min,false
Section 18: [Kubernetes] Object Management and YAML Manifests,Object Management in Kubernetes,187,10min,false
Section 18: [Kubernetes] Object Management and YAML Manifests,Kubernetes Manifest Files,188,5min,false
Section 18: [Kubernetes] Object Management and YAML Manifests,Quiz 18: Kubernetes Object Management Paradigms,189,0min,false
Section 18: [Kubernetes] Object Management and YAML Manifests,"Role Play 18: The ""Disaster Recovery"" Fire Drill",190,0min,true
Section 18: [Kubernetes] Object Management and YAML Manifests,Hands-On: Working with Imperative Commands - Part 1,191,6min,false
Section 18: [Kubernetes] Object Management and YAML Manifests,Hands-On: Working with Imperative Commands - Part 2,192,8min,false
Section 18: [Kubernetes] Object Management and YAML Manifests,Hands-On: Generating Kubernetes Manifests with kubectl,193,4min,false
Section 18: [Kubernetes] Object Management and YAML Manifests,Hands-On: Shortcomings of Imperative Commands with Configuration Files,194,9min,false
Section 18: [Kubernetes] Object Management and YAML Manifests,Hands-On: Declarative Object Management in Kubernetes,195,9min,false
Section 18: [Kubernetes] Object Management and YAML Manifests,Role Play 19: Updating vs. Replacing Kubernetes Resources,196,0min,true
Section 18: [Kubernetes] Object Management and YAML Manifests,Hands-On: Migrating from Imperative to Declarative Object Management,197,3min,false
Section 18: [Kubernetes] Object Management and YAML Manifests,Hands-On: Creating Multiple Kubernetes Manifests in the Same YAML File,198,5min,false
Section 18: [Kubernetes] Object Management and YAML Manifests,Quiz 19: Practical Object Management with YAML Manifests,199,0min,false
Section 18: [Kubernetes] Object Management and YAML Manifests,"Role Play 20: The ""Blueprint"" Walkthrough",200,0min,true
Section 19: [Kubernetes] ReplicaSets and Deployments,Section Introduction,201,1min,false
Section 19: [Kubernetes] ReplicaSets and Deployments,What Are ReplicaSets?,202,5min,false
Section 19: [Kubernetes] ReplicaSets and Deployments,Hands-On: Creating and Managing ReplicaSets,203,6min,false
Section 19: [Kubernetes] ReplicaSets and Deployments,Hands-On: Shortcomings of ReplicaSets - Updating Pods,204,6min,false
Section 19: [Kubernetes] ReplicaSets and Deployments,Hands-On: Shortcomings of ReplicaSets - Managing Existing Pods,205,7min,false
Section 19: [Kubernetes] ReplicaSets and Deployments,Quiz 20: Understanding ReplicaSets for Scalability and Resilience,206,0min,false
Section 19: [Kubernetes] ReplicaSets and Deployments,Role Play 21: Explaining the Role of ReplicaSets,207,0min,true
Section 19: [Kubernetes] ReplicaSets and Deployments,Introduction to Deployments,208,7min,false
Section 19: [Kubernetes] ReplicaSets and Deployments,Hands-On: Creating and Managing Deployments,209,7min,false
Section 19: [Kubernetes] ReplicaSets and Deployments,Hands-On: Updating the Pod Template,210,5min,false
Section 19: [Kubernetes] ReplicaSets and Deployments,Hands-On: Understanding Rollouts,211,12min,false
Section 19: [Kubernetes] ReplicaSets and Deployments,Hands-On: Scaling Deployments with Kubectl,212,3min,false
Section 19: [Kubernetes] ReplicaSets and Deployments,Hands-On: Troubleshooting Failed Rollouts,213,11min,false
Section 19: [Kubernetes] ReplicaSets and Deployments,Quiz 21: Managing Application Lifecycle with Deployments,214,0min,false
Section 19: [Kubernetes] ReplicaSets and Deployments,Role Play 22: Explaining the Mechanics of a Rolling Update,215,0min,true
Section 20: [Kubernetes] Services Deep Dive,Section Introduction,216,1min,false
Section 20: [Kubernetes] Services Deep Dive,Overview of Services,217,7min,false
Section 20: [Kubernetes] Services Deep Dive,Quiz 22: Kubernetes Services and Core Concepts,218,0min,false
Section 20: [Kubernetes] Services Deep Dive,Hands-On: Color API - Implement v1.1.0: Add hostname information,219,9min,false
Section 20: [Kubernetes] Services Deep Dive,Hands-On: Traffic Generator - Implement v1.0.0,220,12min,false
Section 20: [Kubernetes] Services Deep Dive,Hands-On: Deploy the Color API and Traffic Generator,221,8min,false
Section 20: [Kubernetes] Services Deep Dive,Hands-On: Working with ClusterIP Services,222,13min,false
Section 20: [Kubernetes] Services Deep Dive,Role Play 23: Designing Internal Service Communication,223,0min,true
Section 20: [Kubernetes] Services Deep Dive,Hands-On: Working with NodePort Services,224,7min,false
Section 20: [Kubernetes] Services Deep Dive,Hands-On: NodePort Services in Linux,225,7min,false
Section 20: [Kubernetes] Services Deep Dive,Hands-On: Working with ExternalName Services,226,5min,false
Section 20: [Kubernetes] Services Deep Dive,Quiz 23: Practical Application of Service Types,227,0min,false
Section 20: [Kubernetes] Services Deep Dive,Role Play 24: Exposing an App for Testing,228,0min,true
Section 21: [Kubernetes] Resource Management,Section Introduction,229,1min,false
Section 21: [Kubernetes] Resource Management,Labels and Selectors,230,7min,false
Section 21: [Kubernetes] Resource Management,Hands-On: Labels and Selectors in Kubectl,231,6min,false
Section 21: [Kubernetes] Resource Management,Hands-On: Selecting Objects with MatchLabels and MatchExpressions,232,10min,false
Section 21: [Kubernetes] Resource Management,Annotations,233,4min,false
Section 21: [Kubernetes] Resource Management,Introduction to Namespaces,234,9min,false
Section 21: [Kubernetes] Resource Management,Hands-On: Creating and Managing Namespaces,235,12min,false
Section 21: [Kubernetes] Resource Management,Hands-On: Cross-Namespace Service Communication,236,6min,false
Section 21: [Kubernetes] Resource Management,Quiz 24: Organizing and Isolating Kubernetes Resources,237,0min,false
Section 21: [Kubernetes] Resource Management,Role Play 25: Structuring a Chaotic Cluster,238,0min,true
Section 21: [Kubernetes] Resource Management,"Introduction to Resource Quotas, Requests, and Limits",239,7min,false
Section 21: [Kubernetes] Resource Management,Hands-On: Working with Resource Quotas,240,7min,false
Section 21: [Kubernetes] Resource Management,Hands-On: Setting Resource Requests and Limits,241,6min,false
Section 21: [Kubernetes] Resource Management,"Hands-On: Rollouts, Resource Requests and Limits",242,11min,false
Section 21: [Kubernetes] Resource Management,"Introduction to Startup, Liveness, and Readiness Probes",243,6min,false
Section 21: [Kubernetes] Resource Management,Hands-On: Color API - Implement v1.2.0: Add health endpoints,244,8min,false
Section 21: [Kubernetes] Resource Management,Hands-On: Startup Probes in Details,245,8min,false
Section 21: [Kubernetes] Resource Management,Hands-On: Color API - Implement v1.2.1: Add dedicated startup endpoint,246,2min,false
Section 21: [Kubernetes] Resource Management,Hands-On: Liveness Probes in Details,247,3min,false
Section 21: [Kubernetes] Resource Management,Hands-On: Readiness Probes in Details,248,12min,false
Section 21: [Kubernetes] Resource Management,Quiz 25: Resource Constraints and Health Probes,249,0min,false
Section 21: [Kubernetes] Resource Management,Role Play 26: Implementing Zero-Downtime Deployments with Probes,250,0min,true
Section 22: [Kubernetes] Storage and Persistence,Section Introduction,251,2min,false
Section 22: [Kubernetes] Storage and Persistence,Introduction to Volumes,252,9min,false
Section 22: [Kubernetes] Storage and Persistence,EmptyDir and Local Volumes,253,4min,false
Section 22: [Kubernetes] Storage and Persistence,Hands-On: Working with EmptyDir Ephemeral Storage,254,15min,false
Section 22: [Kubernetes] Storage and Persistence,Introduction to Persistent Volume Claims,255,7min,false
Section 22: [Kubernetes] Storage and Persistence,Hands-On: Creating Persistent Volumes and Persistent Volume Claims,256,15min,false
Section 22: [Kubernetes] Storage and Persistence,Hands-On: Mounting Volumes in Pods and Containers,257,11min,false
Section 22: [Kubernetes] Storage and Persistence,Hands-On: Deleting Persistent Volumes and Persistent Volume Claims,258,6min,false
Section 22: [Kubernetes] Storage and Persistence,Hands-On: Dynamically Provisioning Persistent Volumes,259,10min,false
Section 22: [Kubernetes] Storage and Persistence,Quiz 26: Kubernetes Storage Concepts and Volumes,260,0min,false
Section 22: [Kubernetes] Storage and Persistence,Role Play 27: Explaining the Storage Abstraction Layer,261,0min,true
Section 22: [Kubernetes] Storage and Persistence,Introduction to StatefulSets,262,5min,false
Section 22: [Kubernetes] Storage and Persistence,Hands-On: Working with StatefulSets - Creating Persistent Volumes,263,7min,false
Section 22: [Kubernetes] Storage and Persistence,Hands-On: Working with StatefulSets - Creating the StatefulSet,264,14min,false
Section 22: [Kubernetes] Storage and Persistence,"Quick Note: Delete StatefulSets, PVCs, and PVs from Previous Lectures",265,1min,false
Section 22: [Kubernetes] Storage and Persistence,Hands-On: StatefulSets with Dynamically Provisioned Persistent Volumes,266,5min,false
Section 22: [Kubernetes] Storage and Persistence,Hands-On: Headless Services,267,12min,false
Section 22: [Kubernetes] Storage and Persistence,Quiz 27: StatefulSets and Stable Identities,268,0min,false
Section 22: [Kubernetes] Storage and Persistence,Role Play 28: Designing a Database Cluster with StatefulSets,269,0min,true
Section 23: [Kubernetes] Configuration Management,Section Introduction,270,1min,false
Section 23: [Kubernetes] Configuration Management,Introduction to ConfigMaps,271,5min,false
Section 23: [Kubernetes] Configuration Management,Hands-On: Color API - Implement v1.3.0: Receive color information externally,272,5min,false
Section 23: [Kubernetes] Configuration Management,Hands-On: Passing Information from ConfigMaps via Environment Variables,273,14min,false
Section 23: [Kubernetes] Configuration Management,Hands-On: Mounting ConfigMaps as Volumes,274,15min,false
Section 23: [Kubernetes] Configuration Management,Quiz 28: Managing Configuration with ConfigMaps,275,0min,false
Section 23: [Kubernetes] Configuration Management,Role Play 29: Decoupling Configuration from Code,276,0min,true
Section 23: [Kubernetes] Configuration Management,Introduction to Secrets,277,3min,false
Section 23: [Kubernetes] Configuration Management,Hands-On: Passing Information from Secrets via Environment Variables,278,9min,false
Section 23: [Kubernetes] Configuration Management,Hands-On: Mounting Secrets as Volumes,279,7min,false
Section 23: [Kubernetes] Configuration Management,Quiz 29: Securing Sensitive Data with Secrets,280,0min,false
Section 23: [Kubernetes] Configuration Management,Role Play 30: Handling Sensitive Data with Secrets,281,0min,true
Section 24: [Kubernetes] Project - Deploying a MongoDB Database,Project Overview,282,4min,false
Section 24: [Kubernetes] Project - Deploying a MongoDB Database,Create Database Credentials,283,6min,false
Section 24: [Kubernetes] Project - Deploying a MongoDB Database,Create Headless Service and ConfigMaps,284,6min,false
Section 24: [Kubernetes] Project - Deploying a MongoDB Database,Create the StatefulSet,285,10min,false
Section 24: [Kubernetes] Project - Deploying a MongoDB Database,Deploy and Validate the StatefulSet,286,6min,false
Section 24: [Kubernetes] Project - Deploying a MongoDB Database,Test Scaling the StatefulSet,287,7min,false
Section 24: [Kubernetes] Project - Deploying a MongoDB Database,Color API - Implement v2.0.0: Refactoring the Code,288,16min,false
Section 24: [Kubernetes] Project - Deploying a MongoDB Database,Color API - Implement v2.0.0: Persist Data in the MongoDB Database,289,12min,false
Section 24: [Kubernetes] Project - Deploying a MongoDB Database,Color API - Implement v2.0.0: Implement Database Connection Logic,290,3min,false
Section 24: [Kubernetes] Project - Deploying a MongoDB Database,Color API - Implement v2.0.0: Implement Routes for Business Logic,291,11min,false
Section 24: [Kubernetes] Project - Deploying a MongoDB Database,Deploy the New Color API Version,292,16min,false
Section 24: [Kubernetes] Project - Deploying a MongoDB Database,Project Wrap-Up and Clean-Up,293,13min,false
Section 25: [Kubernetes] Security Fundamentals,Section Introduction,294,2min,false
Section 25: [Kubernetes] Security Fundamentals,Introduction to Security in Kubernetes,295,7min,false
Section 25: [Kubernetes] Security Fundamentals,Role-Based Access Control (RBAC),296,9min,false
Section 25: [Kubernetes] Security Fundamentals,Hands-On: Overview of Minikube's Roles and ClusterRoles,297,12min,false
Section 25: [Kubernetes] Security Fundamentals,The Kubernetes API,298,9min,false
Section 25: [Kubernetes] Security Fundamentals,Hands-On: Exploring API Resources,299,9min,false
Section 25: [Kubernetes] Security Fundamentals,Hands-On: Creating Two Users: Alice and Bob,300,11min,false
Section 25: [Kubernetes] Security Fundamentals,Hands-On: Configure Access Credentials for Alice and Bob,301,8min,false
Section 25: [Kubernetes] Security Fundamentals,Hands-On: Setup Permissions to Read Pods,302,11min,false
Section 25: [Kubernetes] Security Fundamentals,Hands-On: Use ClusterRoles for Cluster-Wide Permissions,303,8min,false
Section 25: [Kubernetes] Security Fundamentals,Hands-On: Exploring Subresources and Permissions,304,5min,false
Section 25: [Kubernetes] Security Fundamentals,Introduction to Service Accounts,305,4min,false
Section 25: [Kubernetes] Security Fundamentals,Hands-On: Default Service Accounts,306,6min,false
Section 25: [Kubernetes] Security Fundamentals,Hands-On: Creating Our Own Service Accounts,307,9min,false
Section 25: [Kubernetes] Security Fundamentals,Quiz 30: RBAC and Service Account Identity,308,0min,false
Section 25: [Kubernetes] Security Fundamentals,Role Play 31: Setting up Access for a CI/CD Bot,309,0min,true
Section 25: [Kubernetes] Security Fundamentals,Hands-On: RBAC - Clean-Up,310,4min,false
Section 25: [Kubernetes] Security Fundamentals,Introduction to Network Policies,311,7min,false
Section 25: [Kubernetes] Security Fundamentals,Calico vs. Native Kubernetes Network Policies,312,2min,false
Section 25: [Kubernetes] Security Fundamentals,Hands-On: Deny All Ingress Traffic,313,11min,false
Section 25: [Kubernetes] Security Fundamentals,Hands-On: Allow Traffic Between Specific Pods,314,6min,false
Section 25: [Kubernetes] Security Fundamentals,Hands-On: Exploring Pod Selectors,315,6min,false
Section 25: [Kubernetes] Security Fundamentals,Hands-On: Combining Pod Selectors,316,9min,false
Section 25: [Kubernetes] Security Fundamentals,Hands-On: Handling Egress Traffic,317,12min,false
Section 25: [Kubernetes] Security Fundamentals,Hands-On: Network Policies and Namespaces,318,3min,false
Section 25: [Kubernetes] Security Fundamentals,Quiz 31: Securing Traffic with Network Policies,319,0min,false
Section 25: [Kubernetes] Security Fundamentals,Role Play 32: Isolating a Sensitive Database with Network Policies,320,0min,true
Section 25: [Kubernetes] Security Fundamentals,Introduction to Pod Security Standards (PSS),321,6min,false
Section 25: [Kubernetes] Security Fundamentals,Hands-On: Working with Pod Security Standards,322,12min,false
Section 25: [Kubernetes] Security Fundamentals,Hands-On: Exploring the Pod Security Standards Documentation,323,2min,false
Section 25: [Kubernetes] Security Fundamentals,Quiz 32: Enforcing Pod Security Standards,324,0min,false
Section 26: [Kubernetes] Kustomize,Section Introduction,325,1min,false
Section 26: [Kubernetes] Kustomize,Introduction to Kustomize,326,7min,false
Section 26: [Kubernetes] Kustomize,Hands-On: Our First Kustomize Project,327,8min,false
Section 26: [Kubernetes] Kustomize,Bases and Overlays,328,3min,false
Section 26: [Kubernetes] Kustomize,Quiz 33: Kustomize Fundamentals and Structure,329,0min,false
Section 26: [Kubernetes] Kustomize,Role Play 33: Solving Configuration Sprawl with Bases and Overlays,330,0min,true
Section 26: [Kubernetes] Kustomize,Hands-On: Creating the Dev and Prod Overlays,331,8min,false
Section 26: [Kubernetes] Kustomize,Transformations,332,4min,false
Section 26: [Kubernetes] Kustomize,Update: Deprecation of commonLabels,333,1min,false
Section 26: [Kubernetes] Kustomize,Hands-On: Working with Transformations,334,10min,false
Section 26: [Kubernetes] Kustomize,Hands-On: Generating ConfigMaps,335,9min,false
Section 26: [Kubernetes] Kustomize,Hands-On: Generating Secrets,336,6min,false
Section 26: [Kubernetes] Kustomize,Quiz 34: Transformations and Generators,337,0min,false
Section 26: [Kubernetes] Kustomize,Role Play 34: Automating Configuration Updates with Generators,338,0min,true
Section 26: [Kubernetes] Kustomize,Hands-On: Introduction to Patching,339,9min,false
Section 26: [Kubernetes] Kustomize,Hands-On: Working with Strategic Merge Patches,340,7min,false
Section 26: [Kubernetes] Kustomize,Hands-On: Working with JSON Patches,341,10min,false
Section 27: [Kubernetes] Project - Deploying Our Color API to Google Kubernetes Engine (GKE),Project Overview,342,4min,false
Section 27: [Kubernetes] Project - Deploying Our Color API to Google Kubernetes Engine (GKE),Creating a Google Cloud Platform (GCP) Account,343,7min,false
Section 27: [Kubernetes] Project - Deploying Our Color API to Google Kubernetes Engine (GKE),Overview of Project Costs,344,3min,false
Section 27: [Kubernetes] Project - Deploying Our Color API to Google Kubernetes Engine (GKE),Overview of GCP's UI Console,345,9min,false
Section 27: [Kubernetes] Project - Deploying Our Color API to Google Kubernetes Engine (GKE),Installing the gcloud CLI,346,4min,false
Section 27: [Kubernetes] Project - Deploying Our Color API to Google Kubernetes Engine (GKE),Exploring the GKE UI Console,347,2min,false
Section 27: [Kubernetes] Project - Deploying Our Color API to Google Kubernetes Engine (GKE),Create a Google Kubernetes Engine (GKE) Cluster,348,8min,false
Section 27: [Kubernetes] Project - Deploying Our Color API to Google Kubernetes Engine (GKE),Connecting kubectl and GKE,349,6min,false
Section 27: [Kubernetes] Project - Deploying Our Color API to Google Kubernetes Engine (GKE),Deploying an Nginx-based Website,350,9min,false
Section 27: [Kubernetes] Project - Deploying Our Color API to Google Kubernetes Engine (GKE),Exploring Storage Classes in GKE,351,9min,false
Section 27: [Kubernetes] Project - Deploying Our Color API to Google Kubernetes Engine (GKE),Exploring API Resources in GKE,352,3min,false
Section 27: [Kubernetes] Project - Deploying Our Color API to Google Kubernetes Engine (GKE),Create Database Credentials for MongoDB,353,7min,false
Section 27: [Kubernetes] Project - Deploying Our Color API to Google Kubernetes Engine (GKE),Deploy the MongoDB StatefulSet - Part 1,354,6min,false
Section 27: [Kubernetes] Project - Deploying Our Color API to Google Kubernetes Engine (GKE),Deploy the MongoDB StatefulSet - Part 2,355,10min,false
Section 27: [Kubernetes] Project - Deploying Our Color API to Google Kubernetes Engine (GKE),Deploy the MongoDB StatefulSet - Part 3,356,13min,false
Section 27: [Kubernetes] Project - Deploying Our Color API to Google Kubernetes Engine (GKE),Deploy the Color API Application,357,5min,false
Section 27: [Kubernetes] Project - Deploying Our Color API to Google Kubernetes Engine (GKE),Create a LoadBalancer Service for External Access,358,4min,false
Section 27: [Kubernetes] Project - Deploying Our Color API to Google Kubernetes Engine (GKE),Color API - Implement v2.1.0-dev: Expose Prometheus Metrics,359,4min,false
Section 27: [Kubernetes] Project - Deploying Our Color API to Google Kubernetes Engine (GKE),Customize Database Deployments,360,15min,false
Section 27: [Kubernetes] Project - Deploying Our Color API to Google Kubernetes Engine (GKE),Deploy Prod Overlay and Customize Dev Color API Image,361,5min,false
Section 27: [Kubernetes] Project - Deploying Our Color API to Google Kubernetes Engine (GKE),Deny All Ingress and Allow Traffic Between Color API and MongoDB,362,9min,false
Section 27: [Kubernetes] Project - Deploying Our Color API to Google Kubernetes Engine (GKE),Allow External Traffic into Color API Pods,363,5min,false
Section 27: [Kubernetes] Project - Deploying Our Color API to Google Kubernetes Engine (GKE),Register Our Website Domain,364,4min,false
Section 27: [Kubernetes] Project - Deploying Our Color API to Google Kubernetes Engine (GKE),Allocate Static IPs for Ingress,365,6min,false
Section 27: [Kubernetes] Project - Deploying Our Color API to Google Kubernetes Engine (GKE),Create Ingress Objects,366,6min,false
Section 27: [Kubernetes] Project - Deploying Our Color API to Google Kubernetes Engine (GKE),Create Managed TLS Certificates,367,5min,false
Section 27: [Kubernetes] Project - Deploying Our Color API to Google Kubernetes Engine (GKE),Test Ingress Traffic from the Web Towards the Color API Pods,368,4min,false
Section 27: [Kubernetes] Project - Deploying Our Color API to Google Kubernetes Engine (GKE),Project Cleanup,369,6min,false
